city,share_yes_q1_like_python
Almaty,0.75
Astana,0.6666666666666666
Shymkent,0.6666666666666666
